"=hyperlink(""http://fow.kr/multi#mmark,BsK1Kaus,헬 령,padarg,김민규04,강 네"", ""17년도"")",mmark,BsK1Kaus,헬 령,padarg,김민규04,강 네
"=hyperlink(""http://fow.kr/multi#성수미니미,최범근새끼,기능인푸용,O000OO000O0OO00O,문홍근,부먹지코민초던파"", ""1승하고서렌함"")",성수미니미,최범근새끼,기능인푸용,O000OO000O0OO00O,문홍근,부먹지코민초던파
"=hyperlink(""http://fow.kr/multi#go ward me carry,러미리선생님,사나이송지원,,,"", ""5 Master"")",go ward me carry,러미리선생님,사나이송지원,,,
"=hyperlink(""http://fow.kr/multi#차설화,역곡동균열생성기,LNGAle,동글랑땡,슈퍼캡틴티모,"", ""5265탈두모창47"")",차설화,역곡동균열생성기,LNGAle,동글랑땡,슈퍼캡틴티모,
"=hyperlink(""http://fow.kr/multi#펍지고수,bj 망치부인,갓상오,우디르가야hao,보내균,"", ""BJ 망치부인"")",펍지고수,bj 망치부인,갓상오,우디르가야hao,보내균,
"=hyperlink(""http://fow.kr/multi#LoveabIe,done ad,블루배리치즈케익,시간여행,wqybxcc123ead,"", ""Cookies"")",LoveabIe,done ad,블루배리치즈케익,시간여행,wqybxcc123ead,
"=hyperlink(""http://fow.kr/multi#CWG대표정글러,충원 왕자님,CGW odmix,꿀벌대구,내가제일잘생겼어,"", ""cwg충원고"")",CWG대표정글러,충원 왕자님,CGW odmix,꿀벌대구,내가제일잘생겼어,
"=hyperlink(""http://fow.kr/multi#하야로비,DMT scale,트와이스 지효 팬,독을품은티모,FlameJR,아린 팬"", ""DMT"")",하야로비,DMT scale,트와이스 지효 팬,독을품은티모,FlameJR,아린 팬
"=hyperlink(""http://fow.kr/multi#시작중간끝,glow,amogus,그마가고싶어요1,캐리두,HatDae"", ""GEEA"")",시작중간끝,glow,amogus,그마가고싶어요1,캐리두,HatDae
"=hyperlink(""http://fow.kr/multi#일 서,잡지마염,상쾌한콜라,세척머슴,코광국,모두진실의방으로"", ""HEYS"")",일 서,잡지마염,상쾌한콜라,세척머슴,코광국,모두진실의방으로
"=hyperlink(""http://fow.kr/multi#,으앙내눈,책속의풍경,건축을 묻다,내이름은소환사,"", ""Human Error"")",,으앙내눈,책속의풍경,건축을 묻다,내이름은소환사,
"=hyperlink(""http://fow.kr/multi#박정빈95,클템식플레이,내꿈은 정상길,울고웃다,czca,아니요탑인데요"", ""IGT GAMING"")",박정빈95,클템식플레이,내꿈은 정상길,울고웃다,czca,아니요탑인데요
"=hyperlink(""http://fow.kr/multi#ertr,밝은순록,혜자도구,점화가 날 억까해,말대꾸하지마라숟,"", ""Keetop2"")",ertr,밝은순록,혜자도구,점화가 날 억까해,말대꾸하지마라숟,
"=hyperlink(""http://fow.kr/multi#겸둥이나람,살아있는 참치,오마이걸배유빈팬,날 라칸 다,,"", ""KNU"")",겸둥이나람,살아있는 참치,오마이걸배유빈팬,날 라칸 다,,
"=hyperlink(""http://fow.kr/multi#지면날욕하세요,지민지창욱지성일,정휘인집사,la vie en angel,20040831,"", ""MISSILE GAMING"")",지면날욕하세요,지민지창욱지성일,정휘인집사,la vie en angel,20040831,
"=hyperlink(""http://fow.kr/multi#T1 Keria Fans,,,,,"", ""Muto"")",T1 Keria Fans,,,,,
"=hyperlink(""http://fow.kr/multi#나이스보트,서폿 존중 배려,Romg2,용인기흥구신재규,보여줘영훈,"", ""OPGG WON"")",나이스보트,서폿 존중 배려,Romg2,용인기흥구신재규,보여줘영훈,
"=hyperlink(""http://fow.kr/multi#Nakwon,헨수,재원귀환,Ktkdrbs,리쉬하기싫은사람,"", ""Orange"")",Nakwon,헨수,재원귀환,Ktkdrbs,리쉬하기싫은사람,
"=hyperlink(""http://fow.kr/multi#싱싱한콜라,,,,,"", ""Rat"")",싱싱한콜라,,,,,
"=hyperlink(""http://fow.kr/multi#greencnc,정 글 케 넨,uous,지아니안,잉여몬몬,"", ""SCAITRX"")",greencnc,정 글 케 넨,uous,지아니안,잉여몬몬,
"=hyperlink(""http://fow.kr/multi#곽필범,요들의숲,차차가필요해,아프니깐말로하자,,"", ""SDG"")",곽필범,요들의숲,차차가필요해,아프니깐말로하자,,
"=hyperlink(""http://fow.kr/multi#김서겸,,,,,"", ""skzzang"")",김서겸,,,,,
"=hyperlink(""http://fow.kr/multi#무서운고기,kkjjoohh12,한국원,깐부끼리뭉쳐야지,렝가하는초달,"", ""STRIKE"")",무서운고기,kkjjoohh12,한국원,깐부끼리뭉쳐야지,렝가하는초달,
"=hyperlink(""http://fow.kr/multi#Akapas,림루키,최 창 용,박보영 Fan,섹시가이대히,"", ""Uprising"")",Akapas,림루키,최 창 용,박보영 Fan,섹시가이대히,
"=hyperlink(""http://fow.kr/multi#EPG coach,gengharrpoo,DWG NT,미드가는 아우렐,김말이튀김,"", ""가나다라마바사"")",EPG coach,gengharrpoo,DWG NT,미드가는 아우렐,김말이튀김,
"=hyperlink(""http://fow.kr/multi#고삼끝난수능,정묭희,때재앙,육군필자,인스타oxxooi,"", ""가족크"")",고삼끝난수능,정묭희,때재앙,육군필자,인스타oxxooi,
"=hyperlink(""http://fow.kr/multi#병만잡는병만이,유잼준,Unbreakable Wall,아 고민된다 하,alsdkalstkfkdgo,"", ""강남구청 방범대"")",병만잡는병만이,유잼준,Unbreakable Wall,아 고민된다 하,alsdkalstkfkdgo,
"=hyperlink(""http://fow.kr/multi#이불안검은고양이,타인의견유시,점화그브,미드열심히하는ID,맞고보니수면,"", ""강행하자1"")",이불안검은고양이,타인의견유시,점화그브,미드열심히하는ID,맞고보니수면,
"=hyperlink(""http://fow.kr/multi#더필라,첫갱은미드로,쿤이아비,매운맛탕,묵언수행중이얌,균열의수호자"", ""건강하개"")",더필라,첫갱은미드로,쿤이아비,매운맛탕,묵언수행중이얌,균열의수호자
"=hyperlink(""http://fow.kr/multi#마이칼픽,달달냠냠,온라인보스,,,"", ""경공전자"")",마이칼픽,달달냠냠,온라인보스,,,
"=hyperlink(""http://fow.kr/multi#,김히승,앙 달콤해,티모서폿원챔,,"", ""김민건과아이들"")",,김히승,앙 달콤해,티모서폿원챔,,
"=hyperlink(""http://fow.kr/multi#hair o the dog,Leonatop,임 촹,팟 브,한구버거,"", ""김천개발팀"")",hair o the dog,Leonatop,임 촹,팟 브,한구버거,
"=hyperlink(""http://fow.kr/multi#Lucky WhaleShark,현주입니다,JUGGOD l2,급하게하지마요,IlIlIIIIIllIlll,Nyew"", ""너구리 솔킬땀"")",Lucky WhaleShark,현주입니다,JUGGOD l2,급하게하지마요,IlIlIIIIIllIlll,Nyew
"=hyperlink(""http://fow.kr/multi#남기백,하남자특제드함,팔자꼬인사람,응가하는잠만보,최형준 부캐,듀오하실분친추요"", ""다이겨주마"")",남기백,하남자특제드함,팔자꼬인사람,응가하는잠만보,최형준 부캐,듀오하실분친추요
"=hyperlink(""http://fow.kr/multi#입털면 겜대충함,전통민속촌,가지지 못한,남탓 적당히 해라,지챠 잘해요,"", ""달린다"")",입털면 겜대충함,전통민속촌,가지지 못한,남탓 적당히 해라,지챠 잘해요,
"=hyperlink(""http://fow.kr/multi#로이갓영원하라,롤무기징역,,,,"", ""대깨부"")",로이갓영원하라,롤무기징역,,,,
"=hyperlink(""http://fow.kr/multi#전령꿀꺽,버프꿀꺽,탈진꿀꺽,수당꿀꺽,장로꿀꺽,"", ""덕소롤망령"")",전령꿀꺽,버프꿀꺽,탈진꿀꺽,수당꿀꺽,장로꿀꺽,
"=hyperlink(""http://fow.kr/multi#탑벌레베어,빨간맛복숭아,옴므파탈리안,둥글게 살자,샤발랄랄라,"", ""동동이"")",탑벌레베어,빨간맛복숭아,옴므파탈리안,둥글게 살자,샤발랄랄라,
"=hyperlink(""http://fow.kr/multi#리지렁,궁식쓰,탑텔타는 망나니,87세박춘봉탈모방지중성화,울빈 주인,빡빡이챔프장인"", ""롸롸올라"")",리지렁,궁식쓰,탑텔타는 망나니,87세박춘봉탈모방지중성화,울빈 주인,빡빡이챔프장인
"=hyperlink(""http://fow.kr/multi#누가죽였어,어쨌든 섹시해,,,,"", ""모르가나가뭘모르가나"")",누가죽였어,어쨌든 섹시해,,,,
"=hyperlink(""http://fow.kr/multi#RIP Kobe Bryant,고점이 높은 원딜,승매미,Boost,주제를알아라집종,"", ""물총칼국수"")",RIP Kobe Bryant,고점이 높은 원딜,승매미,Boost,주제를알아라집종,
"=hyperlink(""http://fow.kr/multi#그의케인,,,,,"", ""미소천사윤석열대통령"")",그의케인,,,,,
"=hyperlink(""http://fow.kr/multi#Martin Taylor,태리사랑꾼,,,,"", ""미필들"")",Martin Taylor,태리사랑꾼,,,,
"=hyperlink(""http://fow.kr/multi#공주cs,afreeca 주파란,미래만생각하자,boxerslayers,그냥 벽,"", ""변순대"")",공주cs,afreeca 주파란,미래만생각하자,boxerslayers,그냥 벽,
"=hyperlink(""http://fow.kr/multi#장루피,Oops kaya,프레스,잘생긴정현이,closemaker,김다우"", ""별밤"")",장루피,Oops kaya,프레스,잘생긴정현이,closemaker,김다우
"=hyperlink(""http://fow.kr/multi#오빠 물 떠왔어,인생조홍재,NamJa,불다이아,애기곤듀승기,섹시바디이상민"", ""선생님 피구해요"")",오빠 물 떠왔어,인생조홍재,NamJa,불다이아,애기곤듀승기,섹시바디이상민
"=hyperlink(""http://fow.kr/multi#CHR0NG,스틸의 신,연희동전탱크,Kuvar,갱잇고,"", ""세브란스"")",CHR0NG,스틸의 신,연희동전탱크,Kuvar,갱잇고,
"=hyperlink(""http://fow.kr/multi#후르릅캬아,헿헿헤헿헤헿,까불면3대멸망,빱빱쓰,멍청하지않은사람,"", ""세종레이캐슬"")",후르릅캬아,헿헿헤헿헤헿,까불면3대멸망,빱빱쓰,멍청하지않은사람,
"=hyperlink(""http://fow.kr/multi#고달픈따까리,달빛의바다,메니스커스렌즈,Oxean,네다씹들,"", ""수도쟁이"")",고달픈따까리,달빛의바다,메니스커스렌즈,Oxean,네다씹들,
"=hyperlink(""http://fow.kr/multi#비타님,난잠이안와,nveritas lux mea,지략가의 고뇌,bullfrogs,슬기로운석4생활"", ""스꾸분식집"")",비타님,난잠이안와,nveritas lux mea,지략가의 고뇌,bullfrogs,슬기로운석4생활
"=hyperlink(""http://fow.kr/multi#검은목탁,달짝한초코칩,꿀추친구,입꾹닫하고버스,Sublime Text,"", ""스모기연"")",검은목탁,달짝한초코칩,꿀추친구,입꾹닫하고버스,Sublime Text,
"=hyperlink(""http://fow.kr/multi#Top joker,골드포스,슬기로운조명생활,재섭이와쩌염뿌우,해죠잉,"", ""신과함께"")",Top joker,골드포스,슬기로운조명생활,재섭이와쩌염뿌우,해죠잉,
"=hyperlink(""http://fow.kr/multi#Aionue,도벽베인좋아,서현숙사랑해,fuil moon,hannah dulgi,장동혁"", ""쌍권필의 오른주먹"")",Aionue,도벽베인좋아,서현숙사랑해,fuil moon,hannah dulgi,장동혁
"=hyperlink(""http://fow.kr/multi#Nonchanlant,SSOJAE,자손님,시크소년,보쌈덕후,피들수틱봇"", ""앱크래시"")",Nonchanlant,SSOJAE,자손님,시크소년,보쌈덕후,피들수틱봇
"=hyperlink(""http://fow.kr/multi#z1존남현,펩시부먹민트쵸코,Tarzo,도파의 빈자리,afsasfsfaafs,무지성 야만인"", ""얀책"")",z1존남현,펩시부먹민트쵸코,Tarzo,도파의 빈자리,afsasfsfaafs,무지성 야만인
"=hyperlink(""http://fow.kr/multi#구래동아이번,,,,,"", ""양천중24회졸업"")",구래동아이번,,,,,
"=hyperlink(""http://fow.kr/multi#남봉식,용윈윈윈,xxisooan,허니부기,,"", ""엉망진창"")",남봉식,용윈윈윈,xxisooan,허니부기,,
"=hyperlink(""http://fow.kr/multi#미드원딜규니,창신동또르망치,열치기,수호자애니비아,,"", ""열이와아이들"")",미드원딜규니,창신동또르망치,열치기,수호자애니비아,,
"=hyperlink(""http://fow.kr/multi#학살자우연재,단단한이휘준,성균관대학고,질병겜접자,모두의틀딱,"", ""옆동네"")",학살자우연재,단단한이휘준,성균관대학고,질병겜접자,모두의틀딱,
"=hyperlink(""http://fow.kr/multi#지금이야꿀템,깽깽이발로간다잉,킹 잉여,그녀의청바지두부,태방이,SatelliteMoments"", ""요즘잘자쿨냥이"")",지금이야꿀템,깽깽이발로간다잉,킹 잉여,그녀의청바지두부,태방이,SatelliteMoments
"=hyperlink(""http://fow.kr/multi#통통머신,슈뢰딩거의선픽,정화드는원딜닷지,지옥짬뽕,서인천캡틴,손흥민태클"", ""우리FIS 1군"")",통통머신,슈뢰딩거의선픽,정화드는원딜닷지,지옥짬뽕,서인천캡틴,손흥민태클
"=hyperlink(""http://fow.kr/multi#민첩용,Luna the Moon,혜진갓,,,"", ""우리은행정복하러왔다"")",민첩용,Luna the Moon,혜진갓,,,
"=hyperlink(""http://fow.kr/multi#GF Airline,,,,,"", ""우린항만고"")",GF Airline,,,,,
"=hyperlink(""http://fow.kr/multi#udt최진혁,유경일,짱귀요미이서연,BrushOvO,Bread 0,"", ""우승못하면도파랑동반입대"")",udt최진혁,유경일,짱귀요미이서연,BrushOvO,Bread 0,
"=hyperlink(""http://fow.kr/multi#미소화닛,,,,,"", ""이멤버리멤버"")",미소화닛,,,,,
"=hyperlink(""http://fow.kr/multi#닉변한다캐,Cranker,이자식고수다,목창현,충키,"", ""잃어버린위맹"")",닉변한다캐,Cranker,이자식고수다,목창현,충키,
"=hyperlink(""http://fow.kr/multi#노원사나이진병현,업적광,갖다박는계정9,php가싫어요,침 착 하 갱,"", ""장짤은 한번만"")",노원사나이진병현,업적광,갖다박는계정9,php가싫어요,침 착 하 갱,
"=hyperlink(""http://fow.kr/multi#Cassi Nautil,망장군,First of all,Re ailo,Ar1zona Zervas,"", ""재능중"")",Cassi Nautil,망장군,First of all,Re ailo,Ar1zona Zervas,
"=hyperlink(""http://fow.kr/multi#진짜 여기까지,K9 berserker,makemeioveu,rei ive,topgap딱대라,"", ""전국맛집탐방"")",진짜 여기까지,K9 berserker,makemeioveu,rei ive,topgap딱대라,
"=hyperlink(""http://fow.kr/multi#므겔므겔,켄드릭고고,펠트입니다,EstellST,쳄림림,DevelFaker"", ""점심시간"")",므겔므겔,켄드릭고고,펠트입니다,EstellST,쳄림림,DevelFaker
"=hyperlink(""http://fow.kr/multi#쟈크킹,깜찍한강아지,santise,양유청,바위게와하위게,프로지망05미드"", ""제일고등학교"")",쟈크킹,깜찍한강아지,santise,양유청,바위게와하위게,프로지망05미드
"=hyperlink(""http://fow.kr/multi#jonnastrong,뜩 구,카이스르,쭘쭈미,미됴니,"", ""조나와일벌들"")",jonnastrong,뜩 구,카이스르,쭘쭈미,미됴니,
"=hyperlink(""http://fow.kr/multi#천만원짜리걸짝,,,,,"", ""조마 큰 물건"")",천만원짜리걸짝,,,,,
"=hyperlink(""http://fow.kr/multi#맥스하,HaechelinGuide,후기,2022건일,빙하탄둘리,"", ""조쉬와친구들"")",맥스하,HaechelinGuide,후기,2022건일,빙하탄둘리,
"=hyperlink(""http://fow.kr/multi#미드 죽다,its ok man,kukukukuku,real gankster,8750000000000000,"", ""종이의집"")",미드 죽다,its ok man,kukukukuku,real gankster,8750000000000000,
"=hyperlink(""http://fow.kr/multi#난건강하고풍성해,행신동 이찬우,undertheblackdog,색안경안낀사람,무무짜우,다이아갈끄야"", ""짐승들"")",난건강하고풍성해,행신동 이찬우,undertheblackdog,색안경안낀사람,무무짜우,다이아갈끄야
"=hyperlink(""http://fow.kr/multi#너희어머니쩔더라,람머스귀여움,꿩꿩꿩꿩꿩꿩,헬도비,책임없는쾌락IlIl,년규"", ""찐붕이들"")",너희어머니쩔더라,람머스귀여움,꿩꿩꿩꿩꿩꿩,헬도비,책임없는쾌락IlIl,년규
"=hyperlink(""http://fow.kr/multi#마이어때,제르나소스,한아르미,혜지,난도질각,"", ""참가상은 우리것"")",마이어때,제르나소스,한아르미,혜지,난도질각,
"=hyperlink(""http://fow.kr/multi#뿌잉음료,화려한딜러,436,전원차단,암탄소녀단윤환,찌리상호오구"", ""초량찌질이"")",뿌잉음료,화려한딜러,436,전원차단,암탄소녀단윤환,찌리상호오구
"=hyperlink(""http://fow.kr/multi#Awe Sona,핑와셔틀,Code 렌카,noah is abck,,"", ""평수상봉"")",Awe Sona,핑와셔틀,Code 렌카,noah is abck,,
"=hyperlink(""http://fow.kr/multi#Mopey,우마우마우냐우냐,박원순tv,스윗 서포터,꼴아박지,"", ""피타코라스"")",Mopey,우마우마우냐우냐,박원순tv,스윗 서포터,꼴아박지,
"=hyperlink(""http://fow.kr/multi#Canyon Commander,늙고싶지않아요,서폿아 도구해,날보고웃어줘,패배x좌절x멸망,"", ""하바별"")",Canyon Commander,늙고싶지않아요,서폿아 도구해,날보고웃어줘,패배x좌절x멸망,
"=hyperlink(""http://fow.kr/multi#웰치스포도주세요,여러분해봐요,11번척추골절,기탐,무지성풀캠충on,"", ""한쌍과친구들"")",웰치스포도주세요,여러분해봐요,11번척추골절,기탐,무지성풀캠충on,
"=hyperlink(""http://fow.kr/multi#눈감고세이브,그시절 조패,양치는칫솔로,보기싫게,보기 좋게,뚱땡이모임"", ""헌터"")",눈감고세이브,그시절 조패,양치는칫솔로,보기싫게,보기 좋게,뚱땡이모임
"=hyperlink(""http://fow.kr/multi#골딱이다,쭈에에에엥,T1Shadow monarch,zjtmzmfnr,프레데터 예준,"", ""형태쌤의 포켓몬"")",골딱이다,쭈에에에엥,T1Shadow monarch,zjtmzmfnr,프레데터 예준,
"=hyperlink(""http://fow.kr/multi#게임하는사가이,홍기석,탑보단미드임,플레였던 차누,닉네임할거없넹,"", ""홍기석 오팬무"")",게임하는사가이,홍기석,탑보단미드임,플레였던 차누,닉네임할거없넹,
